{
    "arrival": [12.03802,  76.938887],
    "visits": [
        [12.135959, 77.198841],
        [12.058913, 76.928141],
        [12.121374, 77.059857],
        [12.0133,   77.112036],
        [12.137404, 77.004829],
        [12.086784, 77.181029],
        [12.030666, 76.828816],
        [12.082857, 77.044859],
        [12.04215,  77.120241],
        [12.099795, 76.822515],
        [12.087826, 77.116143],
        [12.024417, 77.116396],
        [12.011756, 77.079372],
        [12.178262, 77.018238],
        [12.068532, 76.947896],
        [12.177265, 77.171092],
        [12.095837, 76.951937],
        [12.133067, 76.963908],
        [12.10805,  76.863209],
        [12.122299, 77.043367],
        [12.037391, 77.170952],
        [12.150589, 77.032221],
        [12.184199, 77.015271],
        [12.148594, 76.962405],
        [12.166796, 76.977057],
        [12.02302,  77.123072],
        [12.120343, 77.134222],
        [12.146287, 77.036739],
        [12.109535, 76.893517],
        [12.105089, 77.079002],
        [12.010207, 76.818505],
        [12.123611, 76.806104],
        [12.167724, 77.116691],
        [12.096583, 76.898809],
        [12.034129, 77.007515],
        [12.140884, 76.890464],
        [12.030866, 77.156916],
        [12.070802, 77.127482],
        [12.148552, 77.026311],
        [12.165601, 76.928562],
        [12.17503,  76.917693],
        [12.019669, 77.006543],
        [12.074622, 76.915781],
        [12.182565, 77.143333],
        [12.031123, 76.922206],
        [12.130569, 76.951992],
        [12.151009, 77.037567],
        [12.014261, 77.195448],
        [12.121309, 77.059676],
        [12.043971, 77.083473]
    ],
    "departures": [
        [12.05817,  76.921355],
        [12.097399, 77.045771],
        [12.075241, 76.944666],
        [12.176073, 76.82095 ],
        [12.084433, 76.856919],
        [12.013516, 76.985999],
        [12.073959, 77.133631],
        [12.180879, 76.948754],
        [12.080326, 76.988697]
    ],
    "can_skip": true,
    "patch": [
        [[10, 7], [10, 31]],
        [[7, 31], [31, 7]],
        [[31, 45], [7, 45]]
    ]
}