{
    "coords": [
        [-12.059296, -76.975893],
        [-12.079575, -77.009686],
        [-12.087303, -76.996620],
        [-12.084391, -76.975651],
        [-12.063603, -76.960483],
        [-12.056762, -77.014452],
        [-12.011531, -77.002383]
    ],
    "max_drones": 4
}