{
    "drones_n": 5,
    "coords": [
        [
            55.75107652576907,
            37.62130737304688
        ],
        [
            55.84872257736021,
            37.58560180664063
        ],
        [
            55.80629785921945,
            37.50801086425782
        ],
        [
            55.79201732549512,
            37.63504028320313
        ],
        [
            55.79201732549512,
            37.589035034179695
        ],
        [
            55.785454243141885,
            37.5674057006836
        ],
        [
            55.76633779361904,
            37.53787994384766
        ],
        [
            55.73967497404668,
            37.53513336181641
        ],
        [
            55.71763541798179,
            37.568778991699226
        ],
        [
            55.7091255947123,
            37.582511901855476
        ],
        [
            55.70545032520288,
            37.62062072753907
        ],
        [
            55.71956921020123,
            37.70027160644532
        ],
        [
            55.80147394036698,
            37.74902343750001
        ],
        [
            55.81382197918412,
            37.84000396728516
        ],
        [
            55.77715229066336,
            37.8424072265625
        ],
        [
            55.712413700727744,
            37.83760070800782
        ],
        [
            55.686488181491896,
            37.8310775756836
        ],
        [
            55.590957396098084,
            37.72945404052735
        ],
        [
            55.57465711048381,
            37.687911987304695
        ],
        [
            55.57504529118144,
            37.59693145751954
        ],
        [
            55.6111293259143,
            37.49153137207032
        ],
        [
            55.63884879609704,
            37.45960235595704
        ],
        [
            55.712607110110724,
            37.3861312866211
        ],
        [
            55.72981671057788,
            37.37686157226563
        ],
        [
            55.767689769836,
            37.3696517944336
        ],
        [
            55.788735922537114,
            37.37308502197266
        ],
        [
            55.832336694014145,
            37.39505767822266
        ],
        [
            55.88128105753149,
            37.445182800292976
        ],
        [
            55.88628763247773,
            37.48226165771485
        ],
        [
            55.90726970750668,
            37.54577636718751
        ],
        [
            55.90977139947616,
            37.589035034179695
        ],
        [
            55.89475882673091,
            37.674179077148445
        ],
        [
            55.883399302664806,
            37.725677490234375
        ],
        [
            55.72498331906539,
            37.44758605957032
        ],
        [
            55.75899767604707,
            37.58474349975587
        ],
        [
            55.76981420916759,
            37.59710311889649
        ],
        [
            55.77261442958424,
            37.60482788085938
        ],
        [
            55.772517873608166,
            37.63229370117188
        ],
        [
            55.76952451971224,
            37.64602661132813
        ],
        [
            55.74180093975863,
            37.654953002929695
        ],
        [
            55.72943006127542,
            37.62388229370118
        ],
        [
            55.72981671057788,
            37.612724304199226
        ],
        [
            55.73841866714134,
            37.58560180664063
        ],
        [
            55.74692210885162,
            37.58165359497071
        ],
        [
            55.703419106899645,
            37.668170928955085
        ],
        [
            55.63826747006058,
            37.64877319335938
        ],
        [
            55.652265341083876,
            37.65460968017579
        ],
        [
            55.639575441511695,
            37.68722534179688
        ],
        [
            55.709899291612494,
            37.72773742675782
        ],
        [
            55.748564605626555,
            37.74250030517579
        ],
        [
            55.73609922506711,
            37.70009994506837
        ],
        [
            55.74798490877827,
            37.69958496093751
        ],
        [
            55.66219159391435,
            37.43282318115235
        ],
        [
            55.61684928315854,
            37.78284072875977
        ],
        [
            55.640592722447984,
            37.619247436523445
        ],
        [
            55.68755262707189,
            37.57375717163087
        ],
        [
            55.68590756259903,
            37.47797012329102
        ],
        [
            55.71521804306351,
            37.536334991455085
        ],
        [
            55.86221164929645,
            37.46526718139649
        ],
        [
            55.87839235515579,
            37.54577636718751
        ],
        [
            55.73107329436531,
            37.725677490234375
        ],
        [
            55.656768782329905,
            37.838973999023445
        ],
        [
            55.65609087805874,
            37.53925323486329
        ],
        [
            55.67003397441038,
            37.49496459960938
        ],
        [
            55.69345493579808,
            37.53667831420899
        ],
        [
            55.706901130779556,
            37.51350402832032
        ],
        [
            55.77531789980586,
            37.476940155029304
        ],
        [
            55.84930077648843,
            37.553844451904304
        ],
        [
            55.879355279830804,
            37.5864601135254
        ],
        [
            55.75745221206816,
            37.746620178222656
        ],
        [
            55.7066109739735,
            37.83485412597657
        ],
        [
            55.82867302272222,
            37.83039093017579
        ],
        [
            55.841169061200546,
            37.66377210617066
        ],
        [
            55.6615137835499,
            37.75623321533204
        ],
        [
            55.70196817204164,
            37.79365539550782
        ],
        [
            55.80957778263827,
            37.77983665466309
        ],
        [
            55.81025302668315,
            37.79889106750489
        ],
        [
            55.83638561341604,
            37.454452514648445
        ],
        [
            55.8580690754459,
            37.42063522338868
        ],
        [
            55.80591196770664,
            37.70198822021485
        ],
        [
            55.80292117878215,
            37.798290252685554
        ],
        [
            55.753491681072205,
            37.80120849609376
        ],
        [
            55.716378401695174,
            37.79743194580079
        ],
        [
            55.673422171100576,
            37.79605865478516
        ],
        [
            55.63826747006058,
            37.74850845336915
        ],
        [
            55.619175806686854,
            37.71297454833985
        ],
        [
            55.60405093572955,
            37.632980346679695
        ],
        [
            55.606184283696905,
            37.534618377685554
        ],
        [
            55.87116965878325,
            37.63890266418458
        ],
        [
            55.83653020988372,
            37.74172782897949
        ],
        [
            55.66974354389864,
            37.58611679077149
        ],
        [
            55.83638561341604,
            37.539081573486335
        ],
        [
            55.82158573179461,
            37.61658668518067
        ],
        [
            55.88503604928104,
            37.686882019042976
        ],
        [
            55.798000348683466,
            37.42853164672852
        ],
        [
            55.74489304677828,
            37.422008514404304
        ],
        [
            55.762281583657895,
