{
    "max_drones_n": 20,
    "coords": [
        [
            51.502545246638114,
            -0.11415481567382814
        ],
        [
            51.516754845636456,
            -0.12943267822265628
        ],
        [
            51.49891200625809,
            -0.13870239257812503
        ],
        [
            51.51322956905176,
            -0.08686065673828126
        ],
        [
            51.48630027781866,
            -0.06883621215820314
        ],
        [
            51.48822432632349,
            -0.11913299560546876
        ],
        [
            51.47657190088194,
            -0.12926101684570315
        ],
        [
            51.484162350922226,
            -0.09046554565429689
        ],
        [
            51.502545246638114,
            -0.10351181030273439
        ],
        [
            51.512588580360244,
            -0.10917663574218751
        ],
        [
            51.50746034612789,
            -0.13063430786132815
        ],
        [
            51.49196529933168,
            -0.13011932373046878
        ],
        [
            51.49709527744871,
            -0.10299682617187501
        ],
        [
            51.48426924964768,
            -0.10522842407226562
        ],
        [
            51.487262312219904,
            -0.14762878417968753
        ],
        [
            51.50746034612789,
            -0.1529502868652344
        ],
        [
            51.51483200132125,
            -0.15003204345703128
        ],
        [
            51.519852590742715,
            -0.11175155639648439
        ],
        [
            51.501797250237836,
            -0.07776260375976564
        ],
        [
            51.49805708407408,
            -0.0872039794921875
        ],
        [
            51.49869827721546,
            -0.1584434509277344
        ],
        [
            51.47315043997589,
            -0.12428283691406251
        ],
        [
            51.47336428880093,
            -0.07638931274414064
        ],
        [
            51.48052764515145,
            -0.14076232910156253
        ],
        [
            51.47336428880093,
            -0.0926971435546875
        ]
    ]
}