{
    "drones_n": 4,
    "coords": [
        [
            55.750690087043814,
            37.621994018554695
        ],
        [
            55.76962108310323,
            37.597274780273445
        ],
        [
            55.80668374690706,
            37.506637573242195
        ],
        [
            55.87030284493235,
            37.459945678710945
        ],
        [
            55.88108848406031,
            37.44277954101563
        ],
        [
            55.75455430203406,
            37.58148193359376
        ],
        [
            55.74102787471819,
            37.53479003906251
        ],
        [
            55.72556335763931,
            37.44689941406251
        ],
        [
            55.71434775146887,
            37.385787963867195
        ],
        [
            55.800895029938275,
            37.59521484375001
        ],
        [
            55.72981671057788,
            37.550582885742195
        ],
        [
            55.75455430203406,
            37.48878479003907
        ],
        [
            55.699259616176384,
            37.47711181640626
        ],
        [
            55.709705868823804,
            37.42904663085938
        ],
        [
            55.73406960018026,
            37.41737365722657
        ],
        [
            55.84294011297764,
            37.46337890625001
        ],
        [
            55.8201874062612,
            37.42835998535157
        ],
        [
            55.84718067096583,
            37.506637573242195
        ],
        [
            55.81362907119961,
            37.54440307617188
        ],
        [
            55.804368363403064,
            37.47161865234376
        ],
        [
            55.79510545223691,
            37.54028320312501
        ],
        [
            55.79356141947292,
            37.57598876953126
        ],
        [
            55.777731554048884,
            37.53753662109376
        ],
        [
            55.800509084870626,
            37.43728637695313
        ],
        [
            55.785454243141885,
            37.50045776367188
        ],
        [
            55.777731554048884,
            37.41737365722657
        ],
        [
            55.757645398414795,
            37.45651245117188
        ],
        [
            55.780434669338014,
            37.45376586914063
        ],
        [
            55.765758360887986,
            37.52792358398438
        ],
        [
            55.74296050860491,
            37.49084472656251
        ],
        [
            55.720536070406794,
            37.514877319335945
        ],
        [
            55.76266790754882,
            37.394027709960945
        ],
        [
            55.86182631222317,
            37.40020751953126
        ],
        [
            55.839855780238864,
            37.39471435546876
        ],
        [
            55.81710126862469,
            37.39265441894532
        ],
        [
            55.79973718325882,
            37.38098144531251
        ],
        [
            55.78159308992029,
            37.366561889648445
        ],
        [
            55.75957720924989,
            37.37068176269532
        ],
        [
            55.73136326949554,
            37.37823486328126
        ]
    ],
    "forced_paths": [
        [2, 3], [3, 4], [4, 5],
        [6, 7], [7, 8], [8, 9]
    ]
}