{
    "coords": [
        [12.10285,  77.037747],
        [12.053928, 77.057207],
        [12.088806, 77.1005  ],
        [12.104748, 77.176416],
        [12.102019, 77.1428  ],
        [12.029618, 76.879653],
        [12.067449, 77.073695],
        [12.039047, 77.164172],
        [12.008463, 77.015759],
        [12.083121, 77.139365]
    ],
    "drones_n": 1
}