{
    "drones_n": 4,
    "coords": [
        [
            55.750690087043814,
            37.61993408203126
        ],
        [
            55.84718067096583,
            37.616500854492195
        ],
        [
            55.741414409152725,
            37.46887207031251
        ],
        [
            55.650473505359464,
            37.627487182617195
        ],
        [
            55.75030364449042,
            37.75039672851563
        ],
        [
            55.90957896736199,
            37.59040832519532
        ],
        [
            55.59580736471155,
            37.509384155273445
        ],
        [
            55.867220683433835,
            37.753829956054695
        ],
        [
            55.67487416557884,
            37.42012023925782
        ],
        [
            55.80668374690706,
            37.838973999023445
        ],
        [
            55.79201732549512,
            37.37411499023438
        ],
        [
            55.720536070406794,
            37.83760070800782
        ],
        [
            55.884939771978836,
            37.47161865234376
        ],
        [
            55.63109707296326,
            37.808761596679695
        ],
        [
            55.579120956833066,
            37.69752502441407
        ]
    ],
    "forced_paths": [
        [
            1,
            0
        ],
        [
            2,
            0
        ],
        [
            3,
            0
        ],
        [
            4,
            0
        ]
    ]
}