{
    "drones_n": 4,
    "coords": [
        [
            55.751849391735284,
            37.62062072753907
        ],
        [
            55.910733545723346,
            37.57118225097657
        ],
        [
            55.84101243369096,
            37.39540100097657
        ],
        [
            55.74489304677828,
            37.37068176269532
        ],
        [
            55.664805895368524,
            37.426986694335945
        ],
        [
            55.6078327003827,
            37.49633789062501
        ],
        [
            55.57485120131229,
            37.61169433593751
        ],
        [
            55.60123861794097,
            37.74902343750001
        ],
        [
            55.66132012128984,
            37.83691406250001
        ],
        [
            55.739095145115584,
            37.83966064453126
        ],
        [
            55.81748704921519,
            37.83554077148438
        ],
        [
            55.867220683433835,
            37.753829956054695
        ],
        [
            55.8961063462305,
            37.65907287597657
        ]
    ]
}