{
    "drones_n": 10,
    "coords": [
      [
        55.75107652576907,
        37.62336730957032
      ],
      [
        55.88301417578358,
        37.470932006835945
      ],
      [
        55.866450104840006,
        37.41188049316407
      ],
      [
        55.84640969483055,
        37.40020751953126
      ],
      [
        55.81362907119961,
        37.38784790039063
      ],
      [
        55.78120695355271,
        37.37892150878907
      ],
      [
        55.743347023896575,
        37.42561340332032
      ],
      [
        55.71318733251447,
        37.38990783691407
      ],
      [
        55.68416565419456,
        37.41737365722657
      ],
      [
        55.65396024535538,
        37.44483947753907
      ],
      [
        55.620242083830405,
        37.48123168945313
      ],
      [
        55.596195336305584,
        37.52517700195313
      ],
      [
        55.57601572613727,
        37.60620117187501
      ],
      [
        55.56902805913944,
        37.67555236816407
      ],
      [
        55.600462770655064,
        37.76412963867188
      ],
      [
        55.628771256948134,
        37.806015014648445
      ],
      [
        55.677584411089526,
        37.83691406250001
      ],
      [
        55.73638916286441,
        37.84652709960938
      ],
      [
        55.79278938013582,
        37.847213745117195
      ],
      [
        55.834457609133935,
        37.82661437988282
      ],
      [
        55.866450104840006,
        37.72430419921876
      ],
      [
        55.89302623289097,
        37.68653869628907
      ],
      [
        55.90496031013762,
        37.58422851562501
      ],
      [
        55.90265077525031,
        37.52723693847657
      ],
      [
        55.83831352210821,
        37.51007080078126
      ],
      [
        55.78352371436103,
        37.451705932617195
      ],
      [
        55.84409667467045,
        37.66113281250001
      ],
      [
        55.78120695355271,
        37.75314331054688
      ],
      [
        55.753781489660035,
        37.539596557617195
      ],
      [
        55.658996099428364,
        37.52655029296876
      ],
      [
        55.62915890253682,
        37.74353027343751
      ],
      [
        55.68687525596443,
        37.65907287597657
      ],
      [
        55.6489237434721,
        37.61718750000001
      ],
      [
        55.71512134495494,
        37.751083374023445
      ],
      [
        55.819801652442436,
        37.71537780761719
      ],
      [
        55.81632969596974,
        37.58972167968751
      ],
      [
        55.800895029938275,
        37.50595092773438
      ],
      [
        55.74953074789918,
        37.48809814453126
      ],
      [
        55.717055261645484,
        37.50045776367188
      ],
      [
        55.71434775146887,
        37.583541870117195
      ],
      [
        55.6903587538032,
        37.55744934082032
      ],
      [
        55.67487416557884,
        37.72636413574219
      ],
      [
        55.723243151645406,
        37.668685913085945
      ],
      [
        55.757645398414795,
        37.71881103515626
      ],
      [
        55.796263436639116,
        37.676925659179695
      ],
      [
        55.79008712193883,
        37.56294250488282
      ],
      [
        55.876851625997865,
        37.56912231445313
      ],
      [
        55.68068160461296,
        37.78335571289063
      ],
      [
        55.63381035051652,
        37.68310546875
      ],
      [
        55.84563870340299,
        37.75451660156251
      ]
    ]
  }